<?xml version="1.0" encoding="UTF-8" ?>
<!DOCTYPE mapper
PUBLIC "-//mybatis.org//DTD Mapper 3.0//EN"
"http://mybatis.org/dtd/mybatis-3-mapper.dtd">

<mapper namespace="com.sdut.mapper.StudentMapper">

<select id="selectById" parameterType="int"
		resultType="student">
		select distinct * from
		student	
		where  id = #{id}
	</select>
	<select id="selectAll" resultType="student">
		select distinct * from
		student
	</select>
	<insert id="insert" parameterType="student">
		insert student(id, name ,age) values (#{id},#{name},#{age})
	</insert>
	<delete id="deleteById">
		delete from student where id =#{id} 
	</delete>
	<update id="updateByStudent" parameterType="student"> 
		 update student  
		 <set>	
		<if test="name!=null and  name != '' ">
			name =#{name},
		</if>
		<if test="age!=null and  age != 0 ">
			age =#{age},
		</if>
		 </set>
		 where id = #{id}
	</update>
	
	

</mapper>
